page,image_index,filename,width,height
1,1,Exotica Decotech 600X1200 Catalogue (1)_page_1_image_1.webp,1752,877
1,2,Exotica Decotech 600X1200 Catalogue (1)_page_1_image_2.webp,1752,877
2,3,Exotica Decotech 600X1200 Catalogue (1)_page_2_image_3.webp,2483,3507
2,4,Exotica Decotech 600X1200 Catalogue (1)_page_2_image_4.webp,2480,3507
2,5,Exotica Decotech 600X1200 Catalogue (1)_page_2_image_5.webp,887,1869
2,6,Exotica Decotech 600X1200 Catalogue (1)_page_2_image_6.webp,1119,1990
3,7,Exotica Decotech 600X1200 Catalogue (1)_page_3_image_7.webp,2485,3508
3,8,Exotica Decotech 600X1200 Catalogue (1)_page_3_image_8.webp,2264,3202
3,9,Exotica Decotech 600X1200 Catalogue (1)_page_3_image_9.webp,2482,3506
4,10,Exotica Decotech 600X1200 Catalogue (1)_page_4_image_10.webp,4961,3508
4,11,Exotica Decotech 600X1200 Catalogue (1)_page_4_image_11.webp,1784,1856
5,12,Exotica Decotech 600X1200 Catalogue (1)_page_5_image_12.webp,4961,3508
6,13,Exotica Decotech 600X1200 Catalogue (1)_page_6_image_13.webp,1301,651
6,14,Exotica Decotech 600X1200 Catalogue (1)_page_6_image_14.webp,1301,651
6,15,Exotica Decotech 600X1200 Catalogue (1)_page_6_image_15.webp,1301,652
6,16,Exotica Decotech 600X1200 Catalogue (1)_page_6_image_16.webp,1302,651
6,17,Exotica Decotech 600X1200 Catalogue (1)_page_6_image_17.webp,1302,651
6,18,Exotica Decotech 600X1200 Catalogue (1)_page_6_image_18.webp,1302,652
7,19,Exotica Decotech 600X1200 Catalogue (1)_page_7_image_19.webp,1301,651
7,20,Exotica Decotech 600X1200 Catalogue (1)_page_7_image_20.webp,1301,651
7,21,Exotica Decotech 600X1200 Catalogue (1)_page_7_image_21.webp,1301,652
7,22,Exotica Decotech 600X1200 Catalogue (1)_page_7_image_22.webp,2044,3038
8,23,Exotica Decotech 600X1200 Catalogue (1)_page_8_image_23.webp,1301,651
8,24,Exotica Decotech 600X1200 Catalogue (1)_page_8_image_24.webp,1301,651
8,25,Exotica Decotech 600X1200 Catalogue (1)_page_8_image_25.webp,1301,652
8,26,Exotica Decotech 600X1200 Catalogue (1)_page_8_image_26.webp,2044,3038
9,27,Exotica Decotech 600X1200 Catalogue (1)_page_9_image_27.webp,1301,651
9,28,Exotica Decotech 600X1200 Catalogue (1)_page_9_image_28.webp,1301,651
9,29,Exotica Decotech 600X1200 Catalogue (1)_page_9_image_29.webp,1301,652
9,30,Exotica Decotech 600X1200 Catalogue (1)_page_9_image_30.webp,2044,3038
10,31,Exotica Decotech 600X1200 Catalogue (1)_page_10_image_31.webp,1301,651
10,32,Exotica Decotech 600X1200 Catalogue (1)_page_10_image_32.webp,1301,651
10,33,Exotica Decotech 600X1200 Catalogue (1)_page_10_image_33.webp,1301,652
10,34,Exotica Decotech 600X1200 Catalogue (1)_page_10_image_34.webp,2044,3038
11,35,Exotica Decotech 600X1200 Catalogue (1)_page_11_image_35.webp,1301,651
11,36,Exotica Decotech 600X1200 Catalogue (1)_page_11_image_36.webp,1301,651
11,37,Exotica Decotech 600X1200 Catalogue (1)_page_11_image_37.webp,1301,652
11,38,Exotica Decotech 600X1200 Catalogue (1)_page_11_image_38.webp,1302,651
11,39,Exotica Decotech 600X1200 Catalogue (1)_page_11_image_39.webp,1302,651
11,40,Exotica Decotech 600X1200 Catalogue (1)_page_11_image_40.webp,1302,652
12,41,Exotica Decotech 600X1200 Catalogue (1)_page_12_image_41.webp,1301,651
12,42,Exotica Decotech 600X1200 Catalogue (1)_page_12_image_42.webp,1301,651
12,43,Exotica Decotech 600X1200 Catalogue (1)_page_12_image_43.webp,1301,652
12,44,Exotica Decotech 600X1200 Catalogue (1)_page_12_image_44.webp,1302,651
12,45,Exotica Decotech 600X1200 Catalogue (1)_page_12_image_45.webp,1302,651
12,46,Exotica Decotech 600X1200 Catalogue (1)_page_12_image_46.webp,1302,652
14,47,Exotica Decotech 600X1200 Catalogue (1)_page_14_image_47.webp,1301,651
14,48,Exotica Decotech 600X1200 Catalogue (1)_page_14_image_48.webp,1301,651
14,49,Exotica Decotech 600X1200 Catalogue (1)_page_14_image_49.webp,1301,652
14,50,Exotica Decotech 600X1200 Catalogue (1)_page_14_image_50.webp,1302,651
14,51,Exotica Decotech 600X1200 Catalogue (1)_page_14_image_51.webp,1302,651
14,52,Exotica Decotech 600X1200 Catalogue (1)_page_14_image_52.webp,1302,651
15,53,Exotica Decotech 600X1200 Catalogue (1)_page_15_image_53.webp,4961,3508
16,54,Exotica Decotech 600X1200 Catalogue (1)_page_16_image_54.webp,1301,653
16,55,Exotica Decotech 600X1200 Catalogue (1)_page_16_image_55.webp,1301,653
16,56,Exotica Decotech 600X1200 Catalogue (1)_page_16_image_56.webp,1301,652
16,57,Exotica Decotech 600X1200 Catalogue (1)_page_16_image_57.webp,1302,653
16,58,Exotica Decotech 600X1200 Catalogue (1)_page_16_image_58.webp,1302,653
16,59,Exotica Decotech 600X1200 Catalogue (1)_page_16_image_59.webp,1302,652
17,60,Exotica Decotech 600X1200 Catalogue (1)_page_17_image_60.webp,1301,651
17,61,Exotica Decotech 600X1200 Catalogue (1)_page_17_image_61.webp,1301,651
17,62,Exotica Decotech 600X1200 Catalogue (1)_page_17_image_62.webp,1301,652
17,63,Exotica Decotech 600X1200 Catalogue (1)_page_17_image_63.webp,1302,651
17,64,Exotica Decotech 600X1200 Catalogue (1)_page_17_image_64.webp,1302,651
17,65,Exotica Decotech 600X1200 Catalogue (1)_page_17_image_65.webp,1302,652
18,66,Exotica Decotech 600X1200 Catalogue (1)_page_18_image_66.webp,4960,3508
19,67,Exotica Decotech 600X1200 Catalogue (1)_page_19_image_67.webp,1143,571
19,68,Exotica Decotech 600X1200 Catalogue (1)_page_19_image_68.webp,1143,572
19,69,Exotica Decotech 600X1200 Catalogue (1)_page_19_image_69.webp,1143,572
19,70,Exotica Decotech 600X1200 Catalogue (1)_page_19_image_70.webp,1143,572
19,71,Exotica Decotech 600X1200 Catalogue (1)_page_19_image_71.webp,1143,571
19,72,Exotica Decotech 600X1200 Catalogue (1)_page_19_image_72.webp,1143,572
19,73,Exotica Decotech 600X1200 Catalogue (1)_page_19_image_73.webp,1143,572
19,74,Exotica Decotech 600X1200 Catalogue (1)_page_19_image_74.webp,1143,572
20,75,Exotica Decotech 600X1200 Catalogue (1)_page_20_image_75.webp,4961,3508
